Epoch,Train Loss,Valid Loss
1,0.011158376808633201,0.01279858590294578
