Epoch,Train Loss,Valid Loss,Valid Dice
1,0.2523993167576777,0.21167833399698602,0.8650552826638548
