Epoch,Train Loss,Valid Loss,Valid Dice
1,1.5038746325004517,1.4994598708537794,0.1358450165261393
