Epoch,Train Loss,Valid Loss,Valid Dice
1,0.20495947960554434,0.15289298963287604,0.90167466527927
