Epoch,Train Loss,Valid Loss,Valid Dice
1,0.16941769243724863,0.14035317931115998,0.9180174521777941
